{
  "acolytes": 121.70898247322297,
  "alchemists": 118.03636563795824,
  "auren": 113.7251750909387,
  "chaosmagicians": 120.56682803939721,
  "cultists": 123.55247380088674,
  "darklings": 127.69647478095065,
  "dragonlords": 119.79060114150174,
  "dwarves": 118.17425835085261,
  "engineers": 124.0780163998438,
  "fakirs": 118.21620568757304,
  "giants": 116.11495577041761,
  "halflings": 120.53960855247901,
  "icemaidens": 124.9120149408591,
  "mermaids": 122.87041332243155,
  "nomads": 118.62229881612468,
  "riverwalkers": 123.92140625,
  "shapeshifters": 122.84907223326707,
  "swarmlings": 121.57362994878108,
  "witches": 121.46277779740663,
  "yetis": 118.93847003590169
}